Metric,Mean,Std,Min,Max,Median,25%,75%
Score,67.8,8.339064695755756,18.0,81.0,68.0,63.75,74.0
Reward,666.8146661161026,84.26797557404811,153.9445348768034,799.2467206333522,670.597614528589,627.3923855831158,730.0708990011415
Efficiency,0.0342832135175512,0.003549604340963512,0.025,0.04639175257731959,0.03446479958890031,0.032,0.037
