Metric,Mean,Std,Min,Max,Median,25%,75%
Score,65.66,11.543153815140816,21,81,68.0,61.75,73.0
Steps,1943.33,259.08504607560815,531,2000,2000.0,2000.0,2000.0
